location_id,location_code,location_name,location_type,city,district,state,latitude,longitude,location_activity_score,historical_withdrawal_frequency,night_activity_score
LOC_0001,CASH_2824,Synthetic Location 1,ATM,Udupi,Udupi_District,Karnataka,17.30230221769896,74.01262381871261,6.8,456,5.5
LOC_0002,CASH_7912,Synthetic Location 2,ATM,Vijayapura,Vijayapura_District,Karnataka,18.194697357917406,77.62539724010378,5.66,366,6.53
LOC_0003,CASH_9928,Synthetic Location 3,BANK_BRANCH,Chikkamagaluru,Chikkamagaluru_District,Karnataka,15.00550294796653,76.1845543143431,7.61,81,7.01
LOC_0004,CASH_6574,Synthetic Location 4,BANK_BRANCH,Udupi,Udupi_District,Karnataka,14.732684254268406,74.03969641137603,3.65,176,6.08
LOC_0005,CASH_1711,Synthetic Location 5,CASH_POINT,Mysuru,Mysuru_District,Karnataka,17.337753931070313,76.20150091116821,5.57,424,6.32
LOC_0006,CASH_6925,Synthetic Location 6,CASH_POINT,Davanagere,Davanagere_District,Karnataka,16.713581632854208,78.13098478882442,2.96,40,8.57
LOC_0007,CASH_2654,Synthetic Location 7,BANK_BRANCH,Udupi,Udupi_District,Karnataka,17.93228476109566,76.42216609398048,6.73,359,9.37
LOC_0008,CASH_2169,Synthetic Location 8,CASH_POINT,Ballari,Ballari_District,Karnataka,16.856777547979537,74.37731443882257,3.86,473,6.44
LOC_0009,CASH_4598,Synthetic Location 9,CASH_POINT,Mandya,Mandya_District,Karnataka,15.289060294955547,78.32176425257873,3.22,137,0.76
LOC_0010,CASH_6155,Synthetic Location 10,ATM,Kolar,Kolar_District,Karnataka,12.563649514542313,77.6731535562109,1.51,71,2.54
LOC_0011,CASH_9830,Synthetic Location 11,BANK_BRANCH,Raichur,Raichur_District,Karnataka,14.64650450377803,76.08416882322112,2.27,70,5.14
LOC_0012,CASH_2489,Synthetic Location 12,ATM,Vijayapura,Vijayapura_District,Karnataka,13.889172386723999,74.99819144788374,0.73,195,6.0
LOC_0013,CASH_8668,Synthetic Location 13,CASH_POINT,Kodagu,Kodagu_District,Karnataka,14.84249333960395,77.44451138674361,8.86,384,2.74
LOC_0014,CASH_6573,Synthetic Location 14,ATM,Ballari,Ballari_District,Karnataka,14.612147003102033,78.4185535585335,8.77,134,9.72
LOC_0015,CASH_3927,Synthetic Location 15,CASH_POINT,Hubballi,Hubballi_District,Karnataka,14.322009260202286,78.2184452979768,2.07,191,7.65
LOC_0016,CASH_9837,Synthetic Location 16,CASH_POINT,Belagavi,Belagavi_District,Karnataka,16.66609285737696,75.35734838787907,3.69,425,8.09
LOC_0017,CASH_4923,Synthetic Location 17,ATM,Kalaburagi,Kalaburagi_District,Karnataka,15.542159747845787,74.06387342417612,0.79,389,5.37
LOC_0018,CASH_3060,Synthetic Location 18,ATM,Mandya,Mandya_District,Karnataka,15.03802570398191,77.99981811721294,6.11,493,2.2
LOC_0019,CASH_9835,Synthetic Location 19,CASH_POINT,Dharwad,Dharwad_District,Karnataka,14.205969873968963,76.7283631160389,3.8,460,5.22
LOC_0020,CASH_2982,Synthetic Location 20,ATM,Hubballi,Hubballi_District,Karnataka,16.4926349786105,75.59705282102011,5.93,3,0.8
LOC_0021,CASH_1964,Synthetic Location 21,ATM,Davanagere,Davanagere_District,Karnataka,14.874677266713906,74.86313609440533,6.72,109,5.44
LOC_0022,CASH_8744,Synthetic Location 22,ATM,Hassan,Hassan_District,Karnataka,13.693285282733767,75.12970505965076,3.61,210,4.72
LOC_0023,CASH_1887,Synthetic Location 23,CASH_POINT,Hassan,Hassan_District,Karnataka,15.159428372996276,74.30709339783816,8.03,55,2.56
LOC_0024,CASH_4116,Synthetic Location 24,CASH_POINT,Shivamogga,Shivamogga_District,Karnataka,17.6118437175272,76.21182959052308,8.76,38,4.49
LOC_0025,CASH_2604,Synthetic Location 25,ATM,Shivamogga,Shivamogga_District,Karnataka,18.40438002439671,75.77541240213134,8.5,85,4.12
LOC_0026,CASH_8886,Synthetic Location 26,ATM,Hassan,Hassan_District,Karnataka,15.782614119718183,74.06323840932788,2.73,401,7.87
LOC_0027,CASH_5673,Synthetic Location 27,BANK_BRANCH,Tumakuru,Tumakuru_District,Karnataka,14.251314987038532,77.28532331129317,1.98,111,9.69
LOC_0028,CASH_9883,Synthetic Location 28,ATM,Chikkamagaluru,Chikkamagaluru_District,Karnataka,18.263807934472695,76.7732646428083,9.2,271,1.66
LOC_0029,CASH_9320,Synthetic Location 29,ATM,Shivamogga,Shivamogga_District,Karnataka,17.48795619213234,74.79043699659354,4.1,482,8.91
LOC_0030,CASH_5033,Synthetic Location 30,CASH_POINT,Kalaburagi,Kalaburagi_District,Karnataka,12.639882115786877,76.35476340164263,5.7,161,9.35
LOC_0031,CASH_4346,Synthetic Location 31,CASH_POINT,Chikkamagaluru,Chikkamagaluru_District,Karnataka,15.450879551229207,74.33528905178999,6.49,234,3.23
LOC_0032,CASH_2188,Synthetic Location 32,ATM,Mysuru,Mysuru_District,Karnataka,11.875614141290544,78.2653787178523,2.21,135,1.41
LOC_0033,CASH_6718,Synthetic Location 33,ATM,Ballari,Ballari_District,Karnataka,13.931219275049402,74.77724177477744,7.07,313,9.84
LOC_0034,CASH_9666,Synthetic Location 34,ATM,Bengaluru,Bengaluru_District,Karnataka,16.057497976121276,77.0502423608056,8.79,135,1.24
LOC_0035,CASH_2753,Synthetic Location 35,CASH_POINT,Kolar,Kolar_District,Karnataka,11.751079809085887,75.5347594609797,3.49,351,6.38
LOC_0036,CASH_5325,Synthetic Location 36,CASH_POINT,Belagavi,Belagavi_District,Karnataka,14.66970509532869,74.51312573849917,2.84,1,3.4
LOC_0037,CASH_3143,Synthetic Location 37,CASH_POINT,Mysuru,Mysuru_District,Karnataka,14.669435062773253,74.83619058968961,0.2,38,9.46
LOC_0038,CASH_3442,Synthetic Location 38,CASH_POINT,Tumakuru,Tumakuru_District,Karnataka,16.653291319386312,78.03414783321156,0.51,186,9.0
LOC_0039,CASH_1653,Synthetic Location 39,BANK_BRANCH,Kolar,Kolar_District,Karnataka,13.005904468668586,78.18467545025699,5.64,447,4.12
LOC_0040,CASH_3532,Synthetic Location 40,ATM,Dharwad,Dharwad_District,Karnataka,17.290399418336833,76.24642517229474,3.39,476,4.18
LOC_0041,CASH_5065,Synthetic Location 41,BANK_BRANCH,Dharwad,Dharwad_District,Karnataka,12.41727641038562,74.2423293266727,4.76,102,8.18
LOC_0042,CASH_8541,Synthetic Location 42,BANK_BRANCH,Shivamogga,Shivamogga_District,Karnataka,16.66506439070902,77.49300898241606,3.35,442,0.79
LOC_0043,CASH_5573,Synthetic Location 43,BANK_BRANCH,Kolar,Kolar_District,Karnataka,17.549607967982922,77.0885310175402,3.38,14,1.24
LOC_0044,CASH_5279,Synthetic Location 44,ATM,Mandya,Mandya_District,Karnataka,13.223193698683001,76.68430385809408,7.31,160,4.42
LOC_0045,CASH_9379,Synthetic Location 45,ATM,Udupi,Udupi_District,Karnataka,14.225277492452442,77.12930793599969,0.12,473,8.08
LOC_0046,CASH_4228,Synthetic Location 46,BANK_BRANCH,Kodagu,Kodagu_District,Karnataka,17.427053211044502,77.74116538755075,1.33,460,3.07
LOC_0047,CASH_6067,Synthetic Location 47,CASH_POINT,Davanagere,Davanagere_District,Karnataka,18.10860854903263,74.79489925350504,2.0,340,9.41
LOC_0048,CASH_3851,Synthetic Location 48,CASH_POINT,Hubballi,Hubballi_District,Karnataka,14.369125510538312,75.83535302180597,2.94,220,7.88
LOC_0049,CASH_6279,Synthetic Location 49,BANK_BRANCH,Mangaluru,Mangaluru_District,Karnataka,18.382691709652917,76.41878713807195,9.6,376,1.78
LOC_0050,CASH_2389,Synthetic Location 50,BANK_BRANCH,Tumakuru,Tumakuru_District,Karnataka,15.336022184297587,76.35447229194983,7.54,344,3.17
LOC_0051,CASH_4262,Synthetic Location 51,ATM,Udupi,Udupi_District,Karnataka,18.070107022157565,74.04397306761213,7.71,233,4.2
LOC_0052,CASH_4185,Synthetic Location 52,CASH_POINT,Ballari,Ballari_District,Karnataka,12.436991464822153,77.85905197936418,6.91,457,7.53
LOC_0053,CASH_2746,Synthetic Location 53,BANK_BRANCH,Hassan,Hassan_District,Karnataka,12.06195187841691,78.28878774656715,9.18,62,4.62
LOC_0054,CASH_8612,Synthetic Location 54,CASH_POINT,Vijayapura,Vijayapura_District,Karnataka,13.85298886555718,78.06246563401483,4.48,417,7.22
LOC_0055,CASH_9270,Synthetic Location 55,BANK_BRANCH,Belagavi,Belagavi_District,Karnataka,17.625775816146337,77.87030728671414,2.67,126,8.41
LOC_0056,CASH_5543,Synthetic Location 56,CASH_POINT,Ballari,Ballari_District,Karnataka,16.034743949471896,78.13764839536037,2.93,139,3.42
LOC_0057,CASH_9849,Synthetic Location 57,ATM,Dharwad,Dharwad_District,Karnataka,13.96909497953762,75.53360744302822,2.22,212,4.14
LOC_0058,CASH_9890,Synthetic Location 58,BANK_BRANCH,Ballari,Ballari_District,Karnataka,13.07871505502036,78.35260437085691,7.72,484,6.99
LOC_0059,CASH_7232,Synthetic Location 59,BANK_BRANCH,Raichur,Raichur_District,Karnataka,18.41592969698769,76.76548465146226,9.54,214,5.43
LOC_0060,CASH_9947,Synthetic Location 60,CASH_POINT,Ballari,Ballari_District,Karnataka,15.93762643853142,75.04137831109603,3.95,342,6.82
LOC_0061,CASH_7624,Synthetic Location 61,CASH_POINT,Kalaburagi,Kalaburagi_District,Karnataka,15.319603395947688,74.07158342512551,9.08,303,5.69
LOC_0062,CASH_1444,Synthetic Location 62,ATM,Hassan,Hassan_District,Karnataka,18.160064483016583,74.29839498187341,2.68,167,2.2
LOC_0063,CASH_6355,Synthetic Location 63,BANK_BRANCH,Chikkamagaluru,Chikkamagaluru_District,Karnataka,12.754634607535499,76.27436749779041,2.6,41,4.76
LOC_0064,CASH_9837,Synthetic Location 64,ATM,Bengaluru,Bengaluru_District,Karnataka,17.378382533156383,75.75590867737313,7.57,486,2.55
LOC_0065,CASH_1333,Synthetic Location 65,CASH_POINT,Dharwad,Dharwad_District,Karnataka,16.396682003882137,77.56518310805068,9.48,238,7.02
LOC_0066,CASH_7043,Synthetic Location 66,ATM,Mandya,Mandya_District,Karnataka,15.884307447843497,75.40579968904598,3.18,296,0.35
LOC_0067,CASH_6111,Synthetic Location 67,CASH_POINT,Tumakuru,Tumakuru_District,Karnataka,13.467349009401218,75.13586637525731,5.96,425,6.31
LOC_0068,CASH_2669,Synthetic Location 68,CASH_POINT,Mandya,Mandya_District,Karnataka,16.970988820918322,78.05064211080578,5.7,21,3.54
LOC_0069,CASH_8018,Synthetic Location 69,CASH_POINT,Kolar,Kolar_District,Karnataka,13.554894022118155,75.12684527593582,4.26,250,1.14
LOC_0070,CASH_6934,Synthetic Location 70,CASH_POINT,Dharwad,Dharwad_District,Karnataka,15.57973043724687,75.51142271144303,9.66,138,6.2
LOC_0071,CASH_9817,Synthetic Location 71,BANK_BRANCH,Hassan,Hassan_District,Karnataka,17.546033300896944,75.9998647116638,8.32,44,2.86
LOC_0072,CASH_8385,Synthetic Location 72,ATM,Udupi,Udupi_District,Karnataka,18.157458978696436,76.38481097143257,0.38,435,3.32
LOC_0073,CASH_8988,Synthetic Location 73,ATM,Mangaluru,Mangaluru_District,Karnataka,15.454374800189436,75.78955662474165,8.81,284,0.2
LOC_0074,CASH_4130,Synthetic Location 74,ATM,Tumakuru,Tumakuru_District,Karnataka,16.92306799418772,77.07806526229535,6.94,330,7.15
LOC_0075,CASH_8342,Synthetic Location 75,ATM,Chikkamagaluru,Chikkamagaluru_District,Karnataka,11.640937843743956,74.69634658438164,6.67,188,4.79
LOC_0076,CASH_9698,Synthetic Location 76,BANK_BRANCH,Raichur,Raichur_District,Karnataka,15.24997456193056,76.7766776427684,2.78,128,2.38
LOC_0077,CASH_4155,Synthetic Location 77,BANK_BRANCH,Mandya,Mandya_District,Karnataka,15.281848836420853,77.31904270295591,2.0,378,4.89
LOC_0078,CASH_9595,Synthetic Location 78,CASH_POINT,Kolar,Kolar_District,Karnataka,15.477934032137181,76.38436343524268,3.09,362,5.39
LOC_0079,CASH_5494,Synthetic Location 79,ATM,Tumakuru,Tumakuru_District,Karnataka,12.739016965044922,76.6158047149053,8.7,251,1.12
LOC_0080,CASH_1200,Synthetic Location 80,CASH_POINT,Bengaluru,Bengaluru_District,Karnataka,15.997198429300314,77.17348680019849,0.61,481,8.63
LOC_0081,CASH_2869,Synthetic Location 81,ATM,Kodagu,Kodagu_District,Karnataka,17.682577720944703,76.49527299631708,1.6,415,5.67
LOC_0082,CASH_5978,Synthetic Location 82,ATM,Mangaluru,Mangaluru_District,Karnataka,15.820437560004496,75.05189054470365,7.93,115,7.78
LOC_0083,CASH_7232,Synthetic Location 83,BANK_BRANCH,Davanagere,Davanagere_District,Karnataka,17.13962286076455,75.56228989569942,6.25,312,9.61
LOC_0084,CASH_2625,Synthetic Location 84,ATM,Chikkamagaluru,Chikkamagaluru_District,Karnataka,13.554950287781711,76.58533771839035,1.82,38,1.65
LOC_0085,CASH_7693,Synthetic Location 85,BANK_BRANCH,Chikkamagaluru,Chikkamagaluru_District,Karnataka,15.688045877729028,77.56348252606494,7.1,359,8.61
LOC_0086,CASH_2166,Synthetic Location 86,CASH_POINT,Belagavi,Belagavi_District,Karnataka,16.56869351381414,77.96543760588362,4.31,278,2.33
LOC_0087,CASH_3441,Synthetic Location 87,BANK_BRANCH,Vijayapura,Vijayapura_District,Karnataka,15.539270641329665,75.82473351068629,7.51,291,9.22
LOC_0088,CASH_8195,Synthetic Location 88,ATM,Mandya,Mandya_District,Karnataka,14.961991859060443,74.6429491935925,5.05,252,4.43
LOC_0089,CASH_1653,Synthetic Location 89,BANK_BRANCH,Vijayapura,Vijayapura_District,Karnataka,18.02289271843297,77.12112778392375,9.62,428,8.62
LOC_0090,CASH_1339,Synthetic Location 90,CASH_POINT,Hassan,Hassan_District,Karnataka,14.776298807768498,75.65331941468968,5.24,226,9.17
LOC_0091,CASH_3973,Synthetic Location 91,CASH_POINT,Hassan,Hassan_District,Karnataka,11.969113008367275,75.78738764821594,4.14,164,6.73
LOC_0092,CASH_3634,Synthetic Location 92,BANK_BRANCH,Davanagere,Davanagere_District,Karnataka,13.812928864624041,77.93349189443023,8.15,281,0.46
LOC_0093,CASH_2442,Synthetic Location 93,BANK_BRANCH,Davanagere,Davanagere_District,Karnataka,14.549170008127003,76.95779863908488,5.19,0,6.61
LOC_0094,CASH_9889,Synthetic Location 94,BANK_BRANCH,Shivamogga,Shivamogga_District,Karnataka,15.348327265850727,76.71477898170984,5.04,226,7.62
LOC_0095,CASH_4335,Synthetic Location 95,BANK_BRANCH,Raichur,Raichur_District,Karnataka,13.534781487848829,74.61037270716602,1.3,498,6.34
LOC_0096,CASH_4920,Synthetic Location 96,CASH_POINT,Bengaluru,Bengaluru_District,Karnataka,13.63869383416867,77.69094368262371,2.32,430,9.14
LOC_0097,CASH_8560,Synthetic Location 97,ATM,Chikkamagaluru,Chikkamagaluru_District,Karnataka,18.38158366084336,74.43354777968248,7.08,212,8.36
LOC_0098,CASH_8736,Synthetic Location 98,ATM,Hassan,Hassan_District,Karnataka,14.142262276863939,74.775494077432,5.13,450,1.45
LOC_0099,CASH_2143,Synthetic Location 99,BANK_BRANCH,Davanagere,Davanagere_District,Karnataka,14.245606688272833,78.2485662839504,8.22,144,7.29
LOC_0100,CASH_9022,Synthetic Location 100,ATM,Dharwad,Dharwad_District,Karnataka,14.086301739013056,76.73612368401432,5.48,233,9.34
LOC_0101,CASH_4090,Synthetic Location 101,CASH_POINT,Kolar,Kolar_District,Karnataka,15.594827469111024,76.450357416243,0.53,381,4.78
LOC_0102,CASH_7246,Synthetic Location 102,BANK_BRANCH,Shivamogga,Shivamogga_District,Karnataka,13.717016220270567,77.38834976475678,5.07,302,3.39
LOC_0103,CASH_2644,Synthetic Location 103,BANK_BRANCH,Kalaburagi,Kalaburagi_District,Karnataka,13.653393987238061,77.78366289363602,8.72,496,1.63
LOC_0104,CASH_8692,Synthetic Location 104,BANK_BRANCH,Kolar,Kolar_District,Karnataka,16.529286977779286,74.22549966721921,8.54,439,5.38
LOC_0105,CASH_6188,Synthetic Location 105,CASH_POINT,Mangaluru,Mangaluru_District,Karnataka,15.285320155448153,75.21629180563271,0.78,323,6.88
LOC_0106,CASH_5708,Synthetic Location 106,ATM,Mangaluru,Mangaluru_District,Karnataka,15.571435656334337,76.32854086120459,7.07,51,4.49
LOC_0107,CASH_5906,Synthetic Location 107,ATM,Shivamogga,Shivamogga_District,Karnataka,14.548032672579035,76.76532757542076,1.54,271,4.18
LOC_0108,CASH_3950,Synthetic Location 108,ATM,Bengaluru,Bengaluru_District,Karnataka,18.013749901660844,75.00946890217485,2.48,467,5.87
LOC_0109,CASH_4804,Synthetic Location 109,BANK_BRANCH,Kalaburagi,Kalaburagi_District,Karnataka,17.1523491417579,75.16021351502097,8.07,461,2.95
LOC_0110,CASH_9955,Synthetic Location 110,ATM,Shivamogga,Shivamogga_District,Karnataka,14.51451147947325,77.5636715923691,9.62,353,2.58
LOC_0111,CASH_5949,Synthetic Location 111,ATM,Bengaluru,Bengaluru_District,Karnataka,14.922955020141877,75.43871017134371,5.79,358,3.02
LOC_0112,CASH_7484,Synthetic Location 112,BANK_BRANCH,Mangaluru,Mangaluru_District,Karnataka,18.42523398622795,74.21013414898535,8.35,462,2.93
LOC_0113,CASH_4770,Synthetic Location 113,CASH_POINT,Raichur,Raichur_District,Karnataka,17.985846699191512,74.11426179114389,7.24,337,6.84
LOC_0114,CASH_3240,Synthetic Location 114,CASH_POINT,Kodagu,Kodagu_District,Karnataka,14.415087462733018,77.21424706919113,5.84,374,1.4
LOC_0115,CASH_5835,Synthetic Location 115,BANK_BRANCH,Tumakuru,Tumakuru_District,Karnataka,14.673458983607292,76.81932493753692,8.78,187,5.36
LOC_0116,CASH_5465,Synthetic Location 116,ATM,Belagavi,Belagavi_District,Karnataka,13.792813113139546,76.50100686279954,1.24,493,0.85
LOC_0117,CASH_4696,Synthetic Location 117,CASH_POINT,Bengaluru,Bengaluru_District,Karnataka,13.200074216873897,74.85391846959796,3.72,404,4.01
LOC_0118,CASH_5332,Synthetic Location 118,CASH_POINT,Kalaburagi,Kalaburagi_District,Karnataka,15.840026588850943,75.18409447854815,5.89,421,6.42
LOC_0119,CASH_7086,Synthetic Location 119,ATM,Mysuru,Mysuru_District,Karnataka,17.06289171850716,74.03091386713066,5.66,468,6.14
LOC_0120,CASH_2035,Synthetic Location 120,CASH_POINT,Hassan,Hassan_District,Karnataka,13.625006300277377,78.35335669166159,0.55,19,3.11
LOC_0121,CASH_9071,Synthetic Location 121,ATM,Shivamogga,Shivamogga_District,Karnataka,15.11234760787608,76.93034189321074,6.74,380,7.0
LOC_0122,CASH_9850,Synthetic Location 122,BANK_BRANCH,Vijayapura,Vijayapura_District,Karnataka,14.14662256130772,74.34982229139693,8.35,315,4.14
LOC_0123,CASH_5583,Synthetic Location 123,ATM,Udupi,Udupi_District,Karnataka,15.632320718504673,74.41979093418696,8.57,50,9.81
LOC_0124,CASH_7018,Synthetic Location 124,CASH_POINT,Tumakuru,Tumakuru_District,Karnataka,11.715677249692396,78.32655968519656,1.31,434,8.26
LOC_0125,CASH_2501,Synthetic Location 125,CASH_POINT,Mysuru,Mysuru_District,Karnataka,12.239627781119285,77.45530181237832,3.4,64,7.89
LOC_0126,CASH_4362,Synthetic Location 126,ATM,Dharwad,Dharwad_District,Karnataka,13.803112352897585,74.69199846680114,2.41,396,1.56
LOC_0127,CASH_1046,Synthetic Location 127,BANK_BRANCH,Mandya,Mandya_District,Karnataka,14.740819944053401,74.07294274626062,6.64,13,1.4
LOC_0128,CASH_6869,Synthetic Location 128,ATM,Ballari,Ballari_District,Karnataka,13.180599730936217,74.33297403921102,7.44,269,1.23
LOC_0129,CASH_2041,Synthetic Location 129,BANK_BRANCH,Vijayapura,Vijayapura_District,Karnataka,14.908451090165212,74.20550716801186,5.09,484,6.19
LOC_0130,CASH_9543,Synthetic Location 130,BANK_BRANCH,Udupi,Udupi_District,Karnataka,13.090608605059826,75.1041504708485,4.08,351,1.17
LOC_0131,CASH_8267,Synthetic Location 131,ATM,Bengaluru,Bengaluru_District,Karnataka,13.650656813307279,74.6261874602861,6.28,299,5.53
LOC_0132,CASH_6327,Synthetic Location 132,BANK_BRANCH,Kodagu,Kodagu_District,Karnataka,13.843986637875986,77.43681048036208,1.08,359,1.23
LOC_0133,CASH_4522,Synthetic Location 133,BANK_BRANCH,Hubballi,Hubballi_District,Karnataka,15.811549873547253,76.83260893532288,4.22,48,3.19
LOC_0134,CASH_6120,Synthetic Location 134,CASH_POINT,Hubballi,Hubballi_District,Karnataka,15.511973138619954,78.13249290837085,1.0,43,1.02
LOC_0135,CASH_2582,Synthetic Location 135,CASH_POINT,Davanagere,Davanagere_District,Karnataka,15.08677661201531,74.04792297609035,5.66,168,6.73
LOC_0136,CASH_7730,Synthetic Location 136,BANK_BRANCH,Vijayapura,Vijayapura_District,Karnataka,14.80737977705506,77.11798229264707,9.69,307,3.19
LOC_0137,CASH_2697,Synthetic Location 137,CASH_POINT,Tumakuru,Tumakuru_District,Karnataka,13.364792534627307,77.31237492664206,1.17,432,5.61
LOC_0138,CASH_2882,Synthetic Location 138,BANK_BRANCH,Shivamogga,Shivamogga_District,Karnataka,15.95386985596598,77.8627207385459,8.2,314,6.78
LOC_0139,CASH_1430,Synthetic Location 139,CASH_POINT,Vijayapura,Vijayapura_District,Karnataka,16.84651727062276,76.6570461125464,7.65,471,3.46
LOC_0140,CASH_1100,Synthetic Location 140,ATM,Shivamogga,Shivamogga_District,Karnataka,12.953992426065703,75.36234528351319,9.72,46,7.49
LOC_0141,CASH_4524,Synthetic Location 141,BANK_BRANCH,Chikkamagaluru,Chikkamagaluru_District,Karnataka,14.194103305909188,77.6662792116745,3.31,482,5.72
LOC_0142,CASH_2391,Synthetic Location 142,ATM,Hubballi,Hubballi_District,Karnataka,12.04984595439601,74.85637109257657,4.49,217,4.91
LOC_0143,CASH_8242,Synthetic Location 143,BANK_BRANCH,Tumakuru,Tumakuru_District,Karnataka,14.030144985354191,78.02332358337443,2.9,347,5.97
LOC_0144,CASH_9633,Synthetic Location 144,CASH_POINT,Mangaluru,Mangaluru_District,Karnataka,14.416303615097345,75.43634706088551,0.18,154,9.46
LOC_0145,CASH_3248,Synthetic Location 145,BANK_BRANCH,Kodagu,Kodagu_District,Karnataka,12.687897811405913,77.39139149786753,1.84,194,5.37
LOC_0146,CASH_4770,Synthetic Location 146,CASH_POINT,Dharwad,Dharwad_District,Karnataka,15.908483926813583,74.73224145664157,0.52,9,4.65
LOC_0147,CASH_2275,Synthetic Location 147,BANK_BRANCH,Mysuru,Mysuru_District,Karnataka,16.479904634878388,74.02433224296354,2.97,207,0.31
LOC_0148,CASH_6321,Synthetic Location 148,ATM,Kalaburagi,Kalaburagi_District,Karnataka,16.128978264553506,74.83376470119504,2.51,301,4.06
LOC_0149,CASH_2288,Synthetic Location 149,BANK_BRANCH,Davanagere,Davanagere_District,Karnataka,11.612579398890894,74.94345102646538,0.86,324,1.23
LOC_0150,CASH_9355,Synthetic Location 150,ATM,Raichur,Raichur_District,Karnataka,13.912847741231197,75.93435238340065,8.17,120,1.12
LOC_0151,CASH_5193,Synthetic Location 151,ATM,Davanagere,Davanagere_District,Karnataka,15.088388819407696,74.7301535416744,1.85,395,6.32
LOC_0152,CASH_8601,Synthetic Location 152,CASH_POINT,Mandya,Mandya_District,Karnataka,14.095007500119534,76.12792259241412,6.47,319,3.3
LOC_0153,CASH_6179,Synthetic Location 153,ATM,Kodagu,Kodagu_District,Karnataka,15.650315371030693,77.20357465077278,2.82,28,3.58
LOC_0154,CASH_2215,Synthetic Location 154,BANK_BRANCH,Dharwad,Dharwad_District,Karnataka,13.608617758200648,77.40019506844038,0.86,442,9.78
LOC_0155,CASH_2479,Synthetic Location 155,CASH_POINT,Udupi,Udupi_District,Karnataka,15.220150415637566,75.4582493649966,7.94,458,0.51
LOC_0156,CASH_4084,Synthetic Location 156,BANK_BRANCH,Raichur,Raichur_District,Karnataka,14.751217007316827,74.31446420596022,1.12,460,8.39
LOC_0157,CASH_2381,Synthetic Location 157,CASH_POINT,Raichur,Raichur_District,Karnataka,14.722273928108091,78.42097732919682,4.45,267,6.14
LOC_0158,CASH_6962,Synthetic Location 158,BANK_BRANCH,Udupi,Udupi_District,Karnataka,14.69110197184396,74.79475697214232,0.62,323,6.51
LOC_0159,CASH_2079,Synthetic Location 159,BANK_BRANCH,Kalaburagi,Kalaburagi_District,Karnataka,12.187519049694316,77.35664345926929,6.6,464,6.07
LOC_0160,CASH_3463,Synthetic Location 160,BANK_BRANCH,Kodagu,Kodagu_District,Karnataka,16.58037830944619,75.85954979980667,6.59,339,3.98
LOC_0161,CASH_2388,Synthetic Location 161,BANK_BRANCH,Chikkamagaluru,Chikkamagaluru_District,Karnataka,14.248564313684053,76.97058821278947,8.31,378,9.97
LOC_0162,CASH_9624,Synthetic Location 162,ATM,Hassan,Hassan_District,Karnataka,13.526825038196256,76.8762224974012,3.16,486,2.22
LOC_0163,CASH_8967,Synthetic Location 163,ATM,Chikkamagaluru,Chikkamagaluru_District,Karnataka,17.2150702403092,77.9504422814289,1.1,394,5.44
LOC_0164,CASH_9626,Synthetic Location 164,ATM,Kodagu,Kodagu_District,Karnataka,17.545343406365557,77.24908793552586,1.71,425,6.96
LOC_0165,CASH_3712,Synthetic Location 165,CASH_POINT,Kalaburagi,Kalaburagi_District,Karnataka,12.98921961362073,74.65658004321561,9.7,312,2.92
LOC_0166,CASH_8355,Synthetic Location 166,ATM,Kodagu,Kodagu_District,Karnataka,12.491073778824523,77.46670195187687,9.05,99,3.74
LOC_0167,CASH_8218,Synthetic Location 167,BANK_BRANCH,Mysuru,Mysuru_District,Karnataka,17.37686768902196,74.90566215447566,1.7,102,8.03
LOC_0168,CASH_3267,Synthetic Location 168,BANK_BRANCH,Kolar,Kolar_District,Karnataka,15.53536195130978,76.8206345488961,1.12,433,5.21
LOC_0169,CASH_3042,Synthetic Location 169,BANK_BRANCH,Hubballi,Hubballi_District,Karnataka,17.442353499432826,77.84856081514673,1.56,223,1.01
LOC_0170,CASH_4637,Synthetic Location 170,BANK_BRANCH,Mysuru,Mysuru_District,Karnataka,13.657184467326195,78.0441788587577,2.43,41,3.81
LOC_0171,CASH_1461,Synthetic Location 171,BANK_BRANCH,Chikkamagaluru,Chikkamagaluru_District,Karnataka,12.076782140713211,75.1846365549379,2.94,424,4.78
LOC_0172,CASH_3273,Synthetic Location 172,CASH_POINT,Kalaburagi,Kalaburagi_District,Karnataka,14.16244618509332,76.95140497928455,2.63,427,1.58
LOC_0173,CASH_9647,Synthetic Location 173,BANK_BRANCH,Dharwad,Dharwad_District,Karnataka,13.057152475469364,74.70532823123236,2.46,327,7.96
LOC_0174,CASH_8489,Synthetic Location 174,ATM,Kalaburagi,Kalaburagi_District,Karnataka,18.350335814116733,77.54646604248148,5.79,367,1.52
LOC_0175,CASH_8032,Synthetic Location 175,ATM,Mangaluru,Mangaluru_District,Karnataka,15.49648654462785,74.83045200118583,6.72,268,9.75
LOC_0176,CASH_2108,Synthetic Location 176,CASH_POINT,Hubballi,Hubballi_District,Karnataka,12.120072644312215,76.67223012850128,4.75,325,3.93
LOC_0177,CASH_7116,Synthetic Location 177,BANK_BRANCH,Davanagere,Davanagere_District,Karnataka,17.97775705796435,75.14366612533286,7.36,321,1.13
LOC_0178,CASH_6447,Synthetic Location 178,ATM,Ballari,Ballari_District,Karnataka,14.030384464848211,77.54322382242539,8.32,350,4.7
LOC_0179,CASH_8840,Synthetic Location 179,CASH_POINT,Chikkamagaluru,Chikkamagaluru_District,Karnataka,13.25321995535519,76.55389299606136,0.47,103,0.53
LOC_0180,CASH_4268,Synthetic Location 180,ATM,Dharwad,Dharwad_District,Karnataka,12.741979797485453,76.63084189895403,4.79,18,7.56
LOC_0181,CASH_4131,Synthetic Location 181,BANK_BRANCH,Vijayapura,Vijayapura_District,Karnataka,14.014585875632298,77.34037749561101,1.33,188,4.43
LOC_0182,CASH_7553,Synthetic Location 182,CASH_POINT,Chikkamagaluru,Chikkamagaluru_District,Karnataka,12.598415598621568,77.57129542559596,5.03,473,7.99
LOC_0183,CASH_5369,Synthetic Location 183,ATM,Ballari,Ballari_District,Karnataka,16.112428340907066,75.1941063397176,1.89,150,3.28
LOC_0184,CASH_2311,Synthetic Location 184,BANK_BRANCH,Hubballi,Hubballi_District,Karnataka,12.803492797356238,75.37935407761151,1.75,227,3.58
LOC_0185,CASH_1693,Synthetic Location 185,CASH_POINT,Hubballi,Hubballi_District,Karnataka,16.310261763781526,77.38686949959657,9.48,38,6.74
LOC_0186,CASH_7655,Synthetic Location 186,BANK_BRANCH,Mandya,Mandya_District,Karnataka,17.137963755366542,77.88747182899698,6.11,400,4.44
LOC_0187,CASH_3068,Synthetic Location 187,ATM,Udupi,Udupi_District,Karnataka,13.39912999999085,76.58336065896141,0.42,78,6.82
LOC_0188,CASH_7077,Synthetic Location 188,BANK_BRANCH,Hassan,Hassan_District,Karnataka,12.786427104276711,78.22179717712005,4.04,332,2.86
LOC_0189,CASH_2858,Synthetic Location 189,ATM,Mandya,Mandya_District,Karnataka,14.581253478656125,76.32229287798464,1.27,396,2.68
LOC_0190,CASH_8311,Synthetic Location 190,ATM,Bengaluru,Bengaluru_District,Karnataka,16.394322308717065,77.78340267009689,0.83,88,9.0
LOC_0191,CASH_8292,Synthetic Location 191,ATM,Udupi,Udupi_District,Karnataka,17.3769473268165,76.46283603178385,2.97,153,8.53
LOC_0192,CASH_3852,Synthetic Location 192,BANK_BRANCH,Dharwad,Dharwad_District,Karnataka,18.453603435917767,75.1246447423942,2.44,252,0.36
LOC_0193,CASH_7044,Synthetic Location 193,BANK_BRANCH,Kodagu,Kodagu_District,Karnataka,13.160082797973157,75.02751653421933,4.04,367,7.22
LOC_0194,CASH_9612,Synthetic Location 194,BANK_BRANCH,Dharwad,Dharwad_District,Karnataka,17.935666604652383,76.4028669896336,6.46,230,4.71
LOC_0195,CASH_9476,Synthetic Location 195,BANK_BRANCH,Tumakuru,Tumakuru_District,Karnataka,14.048150160038057,76.60037325248959,9.67,221,5.08
LOC_0196,CASH_1907,Synthetic Location 196,ATM,Vijayapura,Vijayapura_District,Karnataka,14.384681116635258,75.05880341681778,7.12,177,9.48
LOC_0197,CASH_9501,Synthetic Location 197,BANK_BRANCH,Tumakuru,Tumakuru_District,Karnataka,15.467943337621078,77.70533208474869,1.34,155,6.18
LOC_0198,CASH_2530,Synthetic Location 198,CASH_POINT,Hassan,Hassan_District,Karnataka,12.179253223126743,75.00085880919076,6.62,368,9.03
LOC_0199,CASH_6531,Synthetic Location 199,CASH_POINT,Shivamogga,Shivamogga_District,Karnataka,15.675394442716886,77.49956974967598,5.81,333,2.19
LOC_0200,CASH_7825,Synthetic Location 200,CASH_POINT,Hubballi,Hubballi_District,Karnataka,11.698046185692856,77.95325170474106,6.45,154,4.88
LOC_0201,CASH_7653,Synthetic Location 201,BANK_BRANCH,Mysuru,Mysuru_District,Karnataka,13.542901967961406,76.90084486732367,4.7,174,6.11
LOC_0202,CASH_6121,Synthetic Location 202,CASH_POINT,Kalaburagi,Kalaburagi_District,Karnataka,12.619049444740492,77.16386731432401,3.77,287,1.15
LOC_0203,CASH_4960,Synthetic Location 203,BANK_BRANCH,Vijayapura,Vijayapura_District,Karnataka,15.00518995841112,77.29735226251385,2.97,196,8.66
LOC_0204,CASH_7850,Synthetic Location 204,ATM,Mysuru,Mysuru_District,Karnataka,14.729335477201138,76.06599030404828,1.68,263,4.72
LOC_0205,CASH_6055,Synthetic Location 205,BANK_BRANCH,Kolar,Kolar_District,Karnataka,13.684291292895264,77.55253526917592,2.23,180,0.58
LOC_0206,CASH_5609,Synthetic Location 206,BANK_BRANCH,Raichur,Raichur_District,Karnataka,12.200270467073741,74.26755194379932,1.16,68,8.84
LOC_0207,CASH_6992,Synthetic Location 207,BANK_BRANCH,Mandya,Mandya_District,Karnataka,12.076634510919657,76.79975374845358,3.69,147,0.83
LOC_0208,CASH_9261,Synthetic Location 208,BANK_BRANCH,Mandya,Mandya_District,Karnataka,14.695687058433311,75.92660572650645,6.15,65,9.75
LOC_0209,CASH_7453,Synthetic Location 209,BANK_BRANCH,Mangaluru,Mangaluru_District,Karnataka,12.23232029738833,75.66739616266683,5.14,256,0.5
LOC_0210,CASH_1637,Synthetic Location 210,ATM,Bengaluru,Bengaluru_District,Karnataka,12.388747284854194,77.20850289086614,8.94,71,3.35
LOC_0211,CASH_6218,Synthetic Location 211,ATM,Mysuru,Mysuru_District,Karnataka,18.338174542124904,78.30039117538949,5.15,250,7.12
LOC_0212,CASH_5911,Synthetic Location 212,BANK_BRANCH,Kodagu,Kodagu_District,Karnataka,14.281450685543131,77.62155655311378,5.88,407,9.0
LOC_0213,CASH_1436,Synthetic Location 213,CASH_POINT,Tumakuru,Tumakuru_District,Karnataka,15.539688546088762,75.97879378965219,5.88,87,5.29
LOC_0214,CASH_7229,Synthetic Location 214,ATM,Mangaluru,Mangaluru_District,Karnataka,11.588786581900447,75.75935047688222,1.99,225,3.21
LOC_0215,CASH_3481,Synthetic Location 215,BANK_BRANCH,Chikkamagaluru,Chikkamagaluru_District,Karnataka,12.968253352899415,74.95742199701309,4.77,434,7.38
LOC_0216,CASH_2020,Synthetic Location 216,CASH_POINT,Kolar,Kolar_District,Karnataka,12.905899272925424,74.22047352072742,4.84,192,3.21
LOC_0217,CASH_3837,Synthetic Location 217,BANK_BRANCH,Kolar,Kolar_District,Karnataka,17.571642429274497,75.45285920046868,7.24,329,8.06
LOC_0218,CASH_5331,Synthetic Location 218,CASH_POINT,Raichur,Raichur_District,Karnataka,12.098043175877509,77.10722112658638,9.42,152,7.73
LOC_0219,CASH_4396,Synthetic Location 219,CASH_POINT,Kodagu,Kodagu_District,Karnataka,16.841830685703115,74.97475976888899,9.35,369,2.81
LOC_0220,CASH_2996,Synthetic Location 220,CASH_POINT,Chikkamagaluru,Chikkamagaluru_District,Karnataka,16.749389039575505,78.10274293385145,3.52,395,8.07
LOC_0221,CASH_5758,Synthetic Location 221,ATM,Ballari,Ballari_District,Karnataka,16.15596919231473,77.167201555378,2.64,245,2.22
LOC_0222,CASH_9824,Synthetic Location 222,BANK_BRANCH,Shivamogga,Shivamogga_District,Karnataka,13.206344357670002,75.269157333201,5.91,124,0.6
LOC_0223,CASH_9700,Synthetic Location 223,ATM,Bengaluru,Bengaluru_District,Karnataka,11.564399385768496,77.56748723384342,4.78,348,7.73
LOC_0224,CASH_1084,Synthetic Location 224,CASH_POINT,Mangaluru,Mangaluru_District,Karnataka,17.142758342617984,76.0826324383317,9.64,164,2.93
LOC_0225,CASH_1969,Synthetic Location 225,ATM,Shivamogga,Shivamogga_District,Karnataka,18.0760443132802,74.8019145195861,9.37,467,9.22
LOC_0226,CASH_7846,Synthetic Location 226,ATM,Ballari,Ballari_District,Karnataka,16.788629235826658,74.69330864004135,8.74,148,8.78
LOC_0227,CASH_1151,Synthetic Location 227,BANK_BRANCH,Bengaluru,Bengaluru_District,Karnataka,13.322198815560736,76.81317261749072,4.6,328,5.48
LOC_0228,CASH_9092,Synthetic Location 228,ATM,Hassan,Hassan_District,Karnataka,11.907516780616863,75.48055030196144,1.71,234,6.52
LOC_0229,CASH_4050,Synthetic Location 229,ATM,Kalaburagi,Kalaburagi_District,Karnataka,16.65270678455997,76.85108038815365,1.84,438,6.42
LOC_0230,CASH_7643,Synthetic Location 230,BANK_BRANCH,Mysuru,Mysuru_District,Karnataka,16.822735534910798,76.13028884008885,9.82,244,3.3
LOC_0231,CASH_5064,Synthetic Location 231,ATM,Raichur,Raichur_District,Karnataka,15.625094376466588,74.14595154245244,3.36,298,7.26
LOC_0232,CASH_1187,Synthetic Location 232,BANK_BRANCH,Kalaburagi,Kalaburagi_District,Karnataka,14.057898733811943,77.9857529622359,3.14,207,6.89
LOC_0233,CASH_6095,Synthetic Location 233,CASH_POINT,Mangaluru,Mangaluru_District,Karnataka,12.499866698812957,74.8232356789233,9.58,244,1.62
LOC_0234,CASH_7121,Synthetic Location 234,BANK_BRANCH,Chikkamagaluru,Chikkamagaluru_District,Karnataka,12.477497418828397,76.53867461560777,8.27,390,2.55
LOC_0235,CASH_2341,Synthetic Location 235,CASH_POINT,Kodagu,Kodagu_District,Karnataka,15.54710956346942,75.58758526320807,0.71,280,9.04
LOC_0236,CASH_4312,Synthetic Location 236,CASH_POINT,Hubballi,Hubballi_District,Karnataka,12.506454382384385,76.114529748982,1.25,105,7.2
LOC_0237,CASH_9008,Synthetic Location 237,ATM,Dharwad,Dharwad_District,Karnataka,18.452766417080817,74.95910391128375,4.62,29,5.63
LOC_0238,CASH_6049,Synthetic Location 238,CASH_POINT,Hassan,Hassan_District,Karnataka,15.260653874483094,76.36865190586778,5.83,23,4.29
LOC_0239,CASH_2044,Synthetic Location 239,CASH_POINT,Chikkamagaluru,Chikkamagaluru_District,Karnataka,17.939398717489734,78.4459053146776,7.71,392,6.45
LOC_0240,CASH_7887,Synthetic Location 240,BANK_BRANCH,Udupi,Udupi_District,Karnataka,16.64594463031787,74.06727017864547,6.65,276,1.42
LOC_0241,CASH_6697,Synthetic Location 241,ATM,Raichur,Raichur_District,Karnataka,18.062880363718115,76.80161087557022,2.3,1,7.59
LOC_0242,CASH_5888,Synthetic Location 242,BANK_BRANCH,Shivamogga,Shivamogga_District,Karnataka,12.306536291292224,77.72957502431683,2.37,235,3.53
LOC_0243,CASH_5516,Synthetic Location 243,ATM,Belagavi,Belagavi_District,Karnataka,16.542500363582658,76.8686732260889,6.19,479,8.85
LOC_0244,CASH_1256,Synthetic Location 244,ATM,Udupi,Udupi_District,Karnataka,14.017207777969483,76.43895144153365,6.75,446,0.58
LOC_0245,CASH_1724,Synthetic Location 245,BANK_BRANCH,Ballari,Ballari_District,Karnataka,17.137121841392016,76.96140525675484,0.66,257,9.94
LOC_0246,CASH_4836,Synthetic Location 246,CASH_POINT,Mandya,Mandya_District,Karnataka,17.001205128276993,74.37702794186191,3.27,154,8.77
LOC_0247,CASH_9540,Synthetic Location 247,ATM,Hubballi,Hubballi_District,Karnataka,18.006784660498173,74.42859087970548,8.81,466,1.83
LOC_0248,CASH_7999,Synthetic Location 248,CASH_POINT,Ballari,Ballari_District,Karnataka,13.453615612946946,76.33856275556603,7.88,163,6.99
LOC_0249,CASH_7688,Synthetic Location 249,ATM,Hassan,Hassan_District,Karnataka,17.33993964749741,75.21450087772735,8.51,153,8.59
LOC_0250,CASH_3365,Synthetic Location 250,BANK_BRANCH,Dharwad,Dharwad_District,Karnataka,18.08037827770274,76.22159076553669,1.43,124,2.62
LOC_0251,CASH_6411,Synthetic Location 251,CASH_POINT,Bengaluru,Bengaluru_District,Karnataka,16.45730211118023,75.38396089194406,1.99,137,3.83
LOC_0252,CASH_1647,Synthetic Location 252,ATM,Shivamogga,Shivamogga_District,Karnataka,14.02484062784064,78.33351499839412,4.85,445,9.08
LOC_0253,CASH_5967,Synthetic Location 253,ATM,Tumakuru,Tumakuru_District,Karnataka,13.296309757528546,77.12135428299102,9.15,356,6.08
LOC_0254,CASH_4350,Synthetic Location 254,BANK_BRANCH,Chikkamagaluru,Chikkamagaluru_District,Karnataka,17.723399194436556,75.94753107803237,5.38,183,3.15
LOC_0255,CASH_6892,Synthetic Location 255,CASH_POINT,Vijayapura,Vijayapura_District,Karnataka,17.10495205534143,77.81680498788393,7.64,163,9.15
LOC_0256,CASH_7073,Synthetic Location 256,BANK_BRANCH,Kalaburagi,Kalaburagi_District,Karnataka,15.993870227048397,74.18212347195175,0.26,283,9.35
LOC_0257,CASH_7841,Synthetic Location 257,BANK_BRANCH,Vijayapura,Vijayapura_District,Karnataka,15.816288380087327,74.55114804821837,2.53,281,6.58
LOC_0258,CASH_6530,Synthetic Location 258,BANK_BRANCH,Chikkamagaluru,Chikkamagaluru_District,Karnataka,17.079917407921833,76.49107755655865,3.59,71,7.23
LOC_0259,CASH_9000,Synthetic Location 259,ATM,Dharwad,Dharwad_District,Karnataka,15.837018143202739,74.74774351806228,0.84,418,6.72
LOC_0260,CASH_1104,Synthetic Location 260,BANK_BRANCH,Tumakuru,Tumakuru_District,Karnataka,12.9111290838208,75.9487520023198,2.27,233,3.79
LOC_0261,CASH_8916,Synthetic Location 261,CASH_POINT,Hubballi,Hubballi_District,Karnataka,16.333505957162966,76.74745890982814,0.27,369,2.82
LOC_0262,CASH_5697,Synthetic Location 262,ATM,Udupi,Udupi_District,Karnataka,14.642464811073658,74.82411167720733,1.16,49,5.29
LOC_0263,CASH_4948,Synthetic Location 263,ATM,Kalaburagi,Kalaburagi_District,Karnataka,17.501926682237105,74.12708693839248,4.03,191,9.6
LOC_0264,CASH_8520,Synthetic Location 264,CASH_POINT,Raichur,Raichur_District,Karnataka,16.372104045151524,77.10816161859572,0.9,439,6.53
LOC_0265,CASH_1519,Synthetic Location 265,ATM,Kolar,Kolar_District,Karnataka,11.581832848454384,77.53954508571564,0.19,87,0.92
LOC_0266,CASH_8109,Synthetic Location 266,CASH_POINT,Hubballi,Hubballi_District,Karnataka,15.778323628563989,78.14306689941289,2.37,461,8.69
LOC_0267,CASH_8790,Synthetic Location 267,BANK_BRANCH,Raichur,Raichur_District,Karnataka,12.459199463291862,75.14615658284323,0.43,475,8.52
LOC_0268,CASH_1256,Synthetic Location 268,ATM,Mysuru,Mysuru_District,Karnataka,14.347484163361692,78.3286919845799,5.68,290,8.36
LOC_0269,CASH_7375,Synthetic Location 269,CASH_POINT,Vijayapura,Vijayapura_District,Karnataka,17.82711224679287,77.40319762241876,9.89,370,0.88
LOC_0270,CASH_6666,Synthetic Location 270,ATM,Hubballi,Hubballi_District,Karnataka,14.333942955038498,75.57022462755656,7.71,488,6.0
LOC_0271,CASH_6347,Synthetic Location 271,ATM,Vijayapura,Vijayapura_District,Karnataka,13.532079458373234,74.32387307095917,9.42,221,1.94
LOC_0272,CASH_7227,Synthetic Location 272,ATM,Kalaburagi,Kalaburagi_District,Karnataka,13.96021218250181,75.15402557648973,0.91,78,3.86
LOC_0273,CASH_3527,Synthetic Location 273,CASH_POINT,Bengaluru,Bengaluru_District,Karnataka,14.40278408235159,74.29165410030076,3.15,184,7.64
LOC_0274,CASH_2674,Synthetic Location 274,ATM,Mangaluru,Mangaluru_District,Karnataka,12.349683892721668,75.02586218036237,4.14,13,0.99
LOC_0275,CASH_2524,Synthetic Location 275,CASH_POINT,Davanagere,Davanagere_District,Karnataka,17.164318616557352,75.41147875663705,7.81,371,9.02
LOC_0276,CASH_4977,Synthetic Location 276,CASH_POINT,Hubballi,Hubballi_District,Karnataka,12.623007564750514,75.14955277619046,2.76,74,0.73
LOC_0277,CASH_8121,Synthetic Location 277,BANK_BRANCH,Mandya,Mandya_District,Karnataka,12.140161539859635,75.6954861710298,9.45,369,6.29
LOC_0278,CASH_4203,Synthetic Location 278,BANK_BRANCH,Belagavi,Belagavi_District,Karnataka,17.25723950112816,78.00865521410229,8.43,194,8.06
LOC_0279,CASH_6399,Synthetic Location 279,BANK_BRANCH,Mandya,Mandya_District,Karnataka,11.833448213777237,75.96327794032734,9.48,102,4.84
LOC_0280,CASH_3910,Synthetic Location 280,BANK_BRANCH,Mandya,Mandya_District,Karnataka,16.251988819143584,75.26397331046138,3.33,143,8.18
LOC_0281,CASH_7437,Synthetic Location 281,BANK_BRANCH,Udupi,Udupi_District,Karnataka,11.755615176882005,74.1293407269365,6.85,281,0.37
LOC_0282,CASH_8563,Synthetic Location 282,CASH_POINT,Udupi,Udupi_District,Karnataka,17.185988020198764,77.84616978632742,8.49,407,4.15
LOC_0283,CASH_9180,Synthetic Location 283,ATM,Kalaburagi,Kalaburagi_District,Karnataka,14.031407674895853,76.09473484384564,4.29,193,0.83
LOC_0284,CASH_8851,Synthetic Location 284,CASH_POINT,Mysuru,Mysuru_District,Karnataka,14.885583196232904,77.91727142147482,4.24,18,7.93
LOC_0285,CASH_6890,Synthetic Location 285,CASH_POINT,Mysuru,Mysuru_District,Karnataka,15.951421070557622,74.61971947836908,6.68,85,6.51
LOC_0286,CASH_1725,Synthetic Location 286,CASH_POINT,Raichur,Raichur_District,Karnataka,17.147943782157924,77.76604084868545,7.98,54,0.2
LOC_0287,CASH_5239,Synthetic Location 287,ATM,Belagavi,Belagavi_District,Karnataka,15.907501932395231,77.10405524838133,2.29,191,3.97
LOC_0288,CASH_9199,Synthetic Location 288,ATM,Udupi,Udupi_District,Karnataka,11.969124592255818,77.07713612680203,9.62,59,8.33
LOC_0289,CASH_3321,Synthetic Location 289,BANK_BRANCH,Bengaluru,Bengaluru_District,Karnataka,18.37713204888101,74.39208271903512,3.55,49,4.44
LOC_0290,CASH_8412,Synthetic Location 290,BANK_BRANCH,Raichur,Raichur_District,Karnataka,12.97418149365371,76.68370987088396,8.51,331,1.18
LOC_0291,CASH_3692,Synthetic Location 291,CASH_POINT,Udupi,Udupi_District,Karnataka,11.629802906634607,75.91443591322778,4.32,236,2.4
LOC_0292,CASH_7636,Synthetic Location 292,CASH_POINT,Mandya,Mandya_District,Karnataka,15.998368019947012,78.18868338745744,8.84,230,5.96
LOC_0293,CASH_7370,Synthetic Location 293,ATM,Ballari,Ballari_District,Karnataka,17.1893288423895,77.46867116728605,7.98,295,1.11
LOC_0294,CASH_9796,Synthetic Location 294,ATM,Bengaluru,Bengaluru_District,Karnataka,15.082477427692972,75.1931267535456,8.64,270,9.66
LOC_0295,CASH_6134,Synthetic Location 295,CASH_POINT,Mandya,Mandya_District,Karnataka,11.897053610624003,75.19882821330343,8.47,316,1.81
LOC_0296,CASH_5873,Synthetic Location 296,CASH_POINT,Belagavi,Belagavi_District,Karnataka,14.646953186754438,77.89348229729033,1.26,191,6.97
LOC_0297,CASH_9369,Synthetic Location 297,BANK_BRANCH,Hubballi,Hubballi_District,Karnataka,14.836611868992431,77.59112500484977,4.92,275,6.96
LOC_0298,CASH_3838,Synthetic Location 298,CASH_POINT,Dharwad,Dharwad_District,Karnataka,13.651086490555905,74.92897825174954,4.56,27,8.67
LOC_0299,CASH_1157,Synthetic Location 299,BANK_BRANCH,Belagavi,Belagavi_District,Karnataka,14.453953255494238,75.48714899922471,5.0,350,4.97
LOC_0300,CASH_8272,Synthetic Location 300,BANK_BRANCH,Hubballi,Hubballi_District,Karnataka,18.490595717908725,75.69546795761421,2.99,140,2.33
